{
  "project_info": {
    "project_number": "626271577703",
    "project_id": "surveying-f205f",
    "storage_bucket": "surveying-f205f.appspot.com"
  },
  "client": [
    {
      "client_info": {
        "mobilesdk_app_id": "1:626271577703:android:b5c68a31f5e9260f37d6c2",
        "android_client_info": {
          "package_name": "com.mycompany.servey"
        }
      },
      "oauth_client": [],
      "api_key": [
        {
          "current_key": "AIzaSyDRiIbSKdKzcWjIuqPphXUog8PVIrnYxwA"
        }
      ],
      "services": {
        "appinvite_service": {
          "other_platform_oauth_client": []
        }
      }
    }
  ],
  "configuration_version": "1"
}